,RYVel,abs_g,abs0_g,VI_g,abs_i,abs0_i,VI_i,r_g,r0_g,r_VI_g,r_i,r0_i,r_VI_i,S_VI_g,M_VI_g,S_VI_i,M_VI_i
0,B,-2.2111880315545314,-4.517246531554532,-7.347591092779024,-2.0679999999999996,-4.3740585,-7.204403061224492,-0.5119480215628958,-0.5119480215628958,-0.20525424549222482,-0.3488369254405659,-0.3488369254405659,-0.04214314936989538,-0.2824013968979194,-0.3010268117881335,-0.2427472699978584,-0.26614648033015037
1,V,-3.5841880315545307,-5.3445380315545306,-7.5051063989014715,-3.440999999999999,-5.201349999999999,-7.36191836734694,-0.4146354834607515,-0.4146354834607515,-0.18051809714726108,-0.2515243873384221,-0.2515243873384221,-0.017407001024930757,-0.21389858332302708,-0.21389858332302708,-0.18434209765201,-0.18434209765201
2,I,-5.1211880315545315,-6.191480831554531,-7.5051063989014715,-4.978,-6.0482928,-7.36191836734694,-0.3228614680258639,-0.3228614680258639,-0.18051809714726108,-0.15975037190353447,-0.15975037190353447,-0.017407001024931645,-0.13005033866040108,-0.13005033866040072,-0.11207999537242158,-0.11207999537242205
3,J,-6.255188031554531,-6.769210231554531,-7.400096194819838,-6.111999999999999,-6.6260221999999995,-7.256908163265306,-0.3014912945079562,-0.3014912945079562,-0.2331290177044183,-0.138380198385625,-0.138380198385625,-0.07001792158208797,-0.060119975956976046,-0.13641943143706423,-0.053711563104107865,-0.10698186484651201
4,H,-6.832188031554531,-7.150811381554531,-7.541874256044327,-6.688999999999999,-7.007623349999999,-7.398686224489795,-0.23697023613147028,-0.23697023613147028,-0.19459498920872864,-0.07385914000913996,-0.07385914000913996,-0.03148389308639565,-0.03688162300748929,-0.08362371217766676,-0.033261439071344365,-0.04829106326902574
5,K,-7.027188031554531,-7.236669681554531,-7.493777317268817,-6.8839999999999995,-7.093481649999999,-7.350589285714285,-0.24093024540065056,-0.24093024540065056,-0.2130702764293444,-0.07781914927832023,-0.07781914927832023,-0.04995918030701496,-0.023960125974395008,-0.09217094863619132,-0.021834041967629572,-0.055480844731542994
