,BBVI,VVVI,IIVI,JJVI,HHVI,KKVI
m_g,0.7961800761305095,0.83237115762271,0.8980816638346072,0.972129075696825,0.9812788262533482,0.9901105902101098
c_g,6.924948008610783e-16,-2.6950632947132784e-16,-2.5349489432457553e-16,-2.2105459640179407e-16,-1.058432029243907e-15,1.5067471797089005e-15
me_g,0.07783488689674488,0.06148509986366069,0.0373829407171058,0.02029680862127934,0.013174066292550387,0.008779072337595525
ce_g,0.021762427826453157,0.01656437655353787,0.010071140944551055,0.004977640283232422,0.0030832583736500633,0.002035253691245485
m_i,0.9482530892289869,0.959582125552727,0.9754259323360582,0.9987273493638226,0.9992738297326887,1.0003792041621582
c_i,1.258278661200708e-15,-7.689238973829527e-16,6.152556815234806e-16,6.419949774880967e-16,-2.8042417539000357e-15,1.4646570115119584e-15
me_i,0.05268140841239347,0.04066422094015004,0.024723846331611194,0.012155899226488638,0.00762397657347498,0.0050318233223050485
ce_i,0.02244150947418611,0.017128796848807453,0.010414308484074916,0.005028091763383621,0.003116760101202254,0.0020491784020174133
