,BVVI,VVVI,IVVI,JVVI,HVVI,KVVI
m_g,0.8021019953128422,0.83237115762271,0.8980816638346075,0.8327809975549438,0.7988664611155587,0.7907922626363603
c_g,4.606286783446845e-16,-2.6950632947132784e-16,-6.183804302468101e-16,-6.568103607915932e-16,-8.865457298135424e-16,1.1808900363782983e-15
me_g,0.08338890442958707,0.06148509986366069,0.037382940717105774,0.036266495246546224,0.03306148638338144,0.03391673926056339
ce_g,0.022465365046516552,0.01656437655353787,0.010071140944551046,0.00977036525715934,0.008906920718814127,0.009137329886849186
m_i,0.9515229661804774,0.959582125552727,0.9754259323360573,0.9570006610202043,0.943953883734769,0.9382042460284512
c_i,4.8617668769886656e-17,-7.689238973829527e-16,2.5581165746439866e-16,2.0909040944928118e-16,-4.565484303804552e-17,1.1544938741354805e-15
me_i,0.05470865116648245,0.04066422094015004,0.024723846331611534,0.025342507910433278,0.02434852961461591,0.02497297490002929
ce_i,0.023044665557030417,0.017128796848807453,0.010414308484075062,0.010674904365584676,0.010256215604124373,0.010519247728919875
