,name,mg,cg,err_mg,err_cg,mi,ci,err_mi,err_ci
0,B,-1.3295472028337674,-1.1021191696512562,0.3569440052969245,0.10453888238542958,-1.3006359862117967,-1.1401150243212583,0.3727420329846709,0.10916568136191686
1,V,-1.8682435072717405,-2.3285313435911243,0.27363652750450035,0.08014045996193342,-1.83933229064977,-2.3665271982611267,0.2928122803452961,0.0857564998481012
2,I,-2.3448085757322805,-3.743153757698343,0.17077160756584134,0.0500142115658891,-2.315897359110311,-3.7811496123683455,0.2025205831683866,0.05931259556203279
3,J,-2.709328464397264,-4.734688967158513,0.10125863553262007,0.02965581276998366,-2.6804172477752934,-4.772684821828514,0.15373719296416552,0.04502530955850589
4,H,-2.8923994010639205,-5.294018825123279,0.08380662197746626,0.02454460774802649,-2.8634881844419517,-5.332014679793281,0.14462582406433552,0.0423568452961708
5,K,-2.9730183094478053,-5.448870028937551,0.08125001541513778,0.023795849430870417,-2.9441070928258366,-5.486865883607553,0.1437123324503047,0.042089309237343296
