,name,mg,cg,err_mg,err_cg,mi,ci,err_mi,err_ci
48,BVJ,-2.8857919681366413,-5.554190478794304,0.08582328655252258,0.025135232209270223,-2.85688075151467,-5.592186333464304,0.15347785082421805,0.04494935552352216
49,VVJ,-3.056216610556377,-5.727059060494214,0.08711150758298171,0.0255125159982992,-3.0273053939344057,-5.7650549151642165,0.14835578529584645,0.04344924626858319
50,IVJ,-3.0670962225293414,-5.809458609575423,0.08957692956003066,0.026234568909300687,-3.03818500590737,-5.847454464245423,0.14845709031844476,0.04347891566682297
51,JVJ,-3.056216610556377,-5.727059060494214,0.08711150758298174,0.02551251599829921,-3.0273053939344057,-5.7650549151642165,0.14835578529584645,0.04344924626858319
52,HVJ,-3.107422532758441,-5.909152341882738,0.08389390351385821,0.024570170060691492,-3.0785113161364697,-5.947148196552741,0.14688578773026884,0.04301872523353469
53,KVJ,-3.114387108738678,-5.8532948272490195,0.08343942242989129,0.024437065305104692,-3.0854758921167087,-5.891290681919023,0.14641489268434665,0.04288081328910915
