,name,mg,cg,err_mg,err_cg,mi,ci,err_mi,err_ci
18,BBI,-3.2241232690688846,-6.030545537659354,0.10062282530187497,0.02946960179586736,-3.195212052446916,-6.0685413923293545,0.14918864395356768,0.043693167197275576
19,VBI,-3.314484779206945,-6.0906888764217335,0.10518985306692347,0.030807156065714932,-3.285573562584975,-6.128684731091737,0.14962817001679996,0.04382189204696551
20,IBI,-3.2241232690688846,-6.030545537659354,0.10062282530187497,0.02946960179586736,-3.195212052446917,-6.068541392329355,0.14918864395356707,0.043693167197275395
21,JBI,-3.1316309158023414,-5.833238966745051,0.09058829388781048,0.02653076913942542,-3.102719699180373,-5.871234821415054,0.1473867020038992,0.04316542896733929
22,HBI,-3.154169071284194,-5.97496933856562,0.08597066486676837,0.025178395181698593,-3.125257854662224,-6.0129651932356225,0.14617655157799572,0.042811009867522884
23,KBI,-3.1451210208080953,-5.896566775344394,0.08465673601716613,0.024793582293870062,-3.1162098041861253,-5.934562630014397,0.14585390996903136,0.04271651719440987
