,name,mg,cg,err_mg,err_cg,mi,ci,err_mi,err_ci
36,BBK,-3.1372274292522317,-5.883180148379255,0.08365242277636285,0.02449944712924914,-3.1083162126302613,-5.9211760030492595,0.14595065031322874,0.04274484972644263
37,VBK,-3.2481520770568273,-5.978196212849141,0.09042348069679707,0.026482499980859258,-3.2192408604348572,-6.0161920675191425,0.1454571204443759,0.04260030867757199
38,IBK,-3.1837929861616145,-5.962149998207216,0.09125290748035926,0.02672541580991767,-3.154881769539644,-6.0001458528772185,0.14651710985272792,0.04291074982925161
39,JBK,-3.1122617667745085,-5.800391108981853,0.08751824563031557,0.02563163815824847,-3.083350550152538,-5.838386963651855,0.14717366602203297,0.04310303670658777
40,HBK,-3.142162852195023,-5.954608166458981,0.08422443595984047,0.02466697373852988,-3.113251635573053,-5.992604021128981,0.14618626960738032,0.042813856005616754
41,KBK,-3.1372274292522317,-5.883180148379255,0.08365242277636267,0.024499447129249084,-3.1083162126302604,-5.921176003049259,0.1459506503132286,0.04274484972644259
