,name,mg,cg,err_mg,err_cg,mi,ci,err_mi,err_ci
42,BVI,-2.922149855087104,-5.8295563188360955,0.09858650926406298,0.02887322197265304,-2.893238638465135,-5.867552173506098,0.15669669989214088,0.045892066086340326
43,VVI,-3.0839707227323028,-5.937261991823827,0.09702072544828481,0.02841464783292913,-3.0550595061103323,-5.975257846493828,0.15099502368007392,0.04422220512751221
44,IVI,-3.083970722732304,-5.937261991823827,0.09702072544828458,0.02841464783292906,-3.0550595061103323,-5.975257846493829,0.15099502368007367,0.04422220512751214
45,JVI,-3.0643208113117484,-5.788438316442461,0.08876171034138841,0.025995814077306542,-3.0354095946897766,-5.826434171112462,0.14831580295409513,0.04343753656269148
46,HVI,-3.112446027062283,-5.947199072453399,0.08478038173609474,0.024829794655127645,-3.0835348104403133,-5.985194927123403,0.14675730810152962,0.042981097155745523
47,KVI,-3.1176898480876134,-5.8783089760772445,0.0839422348576762,0.024584324954994075,-3.0887786314656434,-5.916304830747246,0.14628182092582773,0.04284184030537446
