,name,mg,cg,err_mg,err_cg,mi,ci,err_mi,err_ci
72,BIH,-3.0095096880432513,-5.860042444420964,0.08588437184042622,0.025153122375887044,-2.9805984714212785,-5.898038299090968,0.15864007791669907,0.04646122697355209
73,VIH,-3.1506576181186756,-5.9605338434153285,0.08324848168796964,0.024381144120083728,-3.121746401496705,-5.998529698085333,0.15024403134501368,0.04400226054734784
74,IIH,-3.124516355127217,-5.95141127759146,0.08227096301705429,0.024094856333058492,-3.095605138505246,-5.989407132261462,0.14672058197952786,0.04297034110524057
75,JIH,-3.083793384764569,-5.795233697107179,0.08436718706311261,0.024708781530715502,-3.0548821681425973,-5.833229551777183,0.14797179306456185,0.04333678571984869
76,HIH,-3.1245163551272173,-5.95141127759146,0.08227096301705414,0.024094856333058447,-3.095605138505246,-5.989407132261462,0.14672058197952784,0.042970341105240555
77,KIH,-3.1256255886385915,-5.881078326416632,0.08232664896095412,0.02411116518333607,-3.0967143720166215,-5.919074181086635,0.14628147857945245,0.04284174004172826
