,name,mg,cg,err_mg,err_cg,mi,ci,err_mi,err_ci
96,BHK,-3.032946718686811,-4.373975250243135,0.1648303807547007,0.048274192958997694,-3.004035502064843,-4.411971104913138,0.2050549102400308,0.06005482884158721
97,VHK,-3.1685484812053626,-4.826131405111641,0.1340106976579391,0.039247972659462296,-3.139637264583393,-4.864127259781644,0.1771407886655938,0.05187956597441784
98,IHK,-3.1353939998839238,-5.261694595102819,0.10601186744414108,0.031047901008966188,-3.106482783261952,-5.299690449772821,0.15698843818424976,0.04597750804517285
99,JHK,-3.0890175167858804,-5.463988185122503,0.08994132083415037,0.026341288887734807,-3.0601063001639113,-5.501984039792504,0.1490575862647707,0.04365478407804247
100,HHK,-3.127754601345908,-5.746084436258492,0.08413954978108774,0.02464211295889752,-3.098843384723937,-5.784080290928494,0.14640875852026866,0.04287901676459111
101,KHK,-3.127754601345908,-5.746084436258492,0.08413954978108774,0.02464211295889752,-3.098843384723937,-5.784080290928494,0.14640875852026866,0.04287901676459111
