,name,mg,cg,err_mg,err_cg,mi,ci,err_mi,err_ci
84,BJH,-3.490114113043883,-7.703219295181402,0.0821885352662358,0.02407071555797826,-3.4612028964219155,-7.741215149851403,0.15593721176394085,0.0456696333267791
85,VJH,-3.5175312249893853,-7.367539073003448,0.07923075682179297,0.023204465254464807,-3.4886200083674166,-7.405534927673451,0.1474638734661142,0.04318803032299253
86,IJH,-3.347575508104611,-6.806870457181037,0.07854173011391946,0.023002668667588697,-3.3186642914826394,-6.8448663118510416,0.14429447427021921,0.04225980224000084
87,JJH,-3.1909204779708142,-6.206079224146909,0.07973539803490641,0.0233522605042565,-3.1620092613488455,-6.244075078816913,0.14520502258625606,0.042526476289442415
88,HJH,-3.1909204779708142,-6.206079224146909,0.07973539803490641,0.0233522605042565,-3.1620092613488464,-6.244075078816913,0.14520502258625592,0.04252647628944237
89,KJH,-3.1692835478562063,-6.048511948737619,0.08047238594654099,0.02356810358179961,-3.140372331234235,-6.0865078034076205,0.14517433744376232,0.04251748947230995
