,name,mg,cg,err_mg,err_cg,mi,ci,err_mi,err_ci
24,BBJ,-3.1051006926649842,-5.77664415465568,0.08876194429675041,0.025995882596266683,-3.0761894760430164,-5.814640009325684,0.1476223315030076,0.043234438235258896
25,VBJ,-3.2236278506543496,-5.896871026800608,0.09487603584433991,0.027786528433435237,-3.1947166340323774,-5.93486688147061,0.14725818081455622,0.04312778871761557
26,IBJ,-3.1688822565089074,-5.912704285089709,0.09398833373180555,0.02752654539587636,-3.1399710398869374,-5.950700139759712,0.14762411501559558,0.04323496057604597
27,JBJ,-3.1051006926649856,-5.776644154655682,0.08876194429674948,0.025995882596266413,-3.0761894760430164,-5.814640009325684,0.1476223315030076,0.043234438235258896
28,HBJ,-3.1377239672161736,-5.939888307784195,0.08493906650995643,0.0248762689722892,-3.1088127505942027,-5.977884162454199,0.14641517155143904,0.04288089496145479
29,KBJ,-3.1343090463103365,-5.87350245123948,0.08406454326965085,0.02462014565657311,-3.1053978296883664,-5.9114983059094826,0.1460659672118628,0.042778622809964036
