,name,mg,cg,err_mg,err_cg,mi,ci,err_mi,err_ci
30,BBH,-3.1429540936056917,-5.966059425336244,0.08436814018752306,0.024709060674108205,-3.114042876983721,-6.004055280006246,0.1462542070067008,0.04283375296337972
31,VBH,-3.252523576563284,-6.041462836480427,0.09140436815166102,0.026769774390166305,-3.223612359941315,-6.079458691150427,0.14598643477293086,0.04275532999048548
32,IBH,-3.18645085786154,-6.000616105375039,0.09182444347700133,0.026892802664565372,-3.1575396412395698,-6.038611960045042,0.14682388645212321,0.043000596086274774
33,JBH,-3.1135382446303943,-5.818864963082189,0.08773164503702972,0.025694136855939315,-3.0846270280084243,-5.856860817752191,0.14727678931341306,0.04313323862472845
34,HBH,-3.1429540936056917,-5.966059425336244,0.08436814018752306,0.024709060674108205,-3.1140428769837203,-6.004055280006247,0.14625420700670091,0.04283375296337975
35,KBH,-3.1377476376935003,-5.890708876591379,0.08368615386190957,0.02450932601762483,-3.1088364210715294,-5.92870473126138,0.14596016729699848,0.042747636983917765
