,name,mg,cg,err_mg,err_cg,mi,ci,err_mi,err_ci
6,B0,-1.9158991553577553,-3.2099384000766307,0.10792622041826183,0.03160856127342233,-1.8869879387357849,-3.2479342547466326,0.16587865636234594,0.048581203467169654
7,V0,-2.3158404175953953,-3.9375536568929363,0.09996185250354571,0.029276021411831964,-2.2869292009734252,-3.975549511562938,0.1554589228518936,0.045529555926456404
8,I0,-2.6169474972090634,-4.721439324185845,0.09461469652601574,0.027709989480950933,-2.5880362805870933,-4.759435178855847,0.15105596007901076,0.04424005168872887
9,J0,-2.84002676221177,-5.2045234826426405,0.08837025920992526,0.02588116902602566,-2.8111155455898,-5.242519337312642,0.14885737631974408,0.04359614820354971
10,H0,-2.973414441832503,-5.585251863830907,0.084133910411494,0.024640461345798715,-2.9445032252105334,-5.62324771850091,0.14687154603568603,0.04301455424084994
11,K0,-3.026282341776321,-5.640343684220468,0.08357264078111279,0.0244760812217282,-2.997371125154351,-5.67833953889047,0.14639093362062536,0.04287379635169808
