,name,mg,cg,err_mg,err_cg,mi,ci,err_mi,err_ci
66,BIJ,-2.8406897792613823,-5.2125974114006866,0.10020997521223868,0.02934868959024732,-2.811778562639412,-5.250593266070688,0.16707201957175888,0.04893070606236842
67,VIJ,-3.0217874587432036,-5.4663009937815294,0.09266035244955712,0.027137616944873127,-2.9928762421212323,-5.504296848451532,0.15585354942169255,0.045645130974514884
68,IIJ,-3.046163298226932,-5.650917705014111,0.08663965398345826,0.025374323320423324,-3.0172520816049597,-5.688913559684113,0.1493391981782364,0.04373726030474261
69,JIJ,-3.0461632982269307,-5.650917705014111,0.08663965398345844,0.025374323320423376,-3.0172520816049593,-5.688913559684113,0.14933919817823668,0.043737260304742696
70,HIJ,-3.1011908562802564,-5.8619551318077425,0.08342380579014658,0.02443249162956651,-3.072279639658286,-5.899950986477744,0.1474078281090811,0.04317161621069427
71,KIJ,-3.11029003967291,-5.822264617310209,0.08308978714813588,0.02433466694274301,-3.0813788230509407,-5.8602604719802125,0.14673723654836587,0.04297521876108322
