,name,mg,cg,err_mg,err_cg,mi,ci,err_mi,err_ci
78,BIK,-3.0124812543007162,-5.671624926958747,0.08589978919945938,0.025157637687697146,-2.983570037678746,-5.709620781628749,0.15748047843899068,0.046121612827872506
79,VIK,-3.152925989307581,-5.816703677413633,0.08287225255032941,0.024270957163625317,-3.12401477268561,-5.854699532083637,0.14909366477417846,0.04366535046099232
80,IIK,-3.1258955248100726,-5.863962536662431,0.08243333087773644,0.02414240932299288,-3.096984308188101,-5.901958391332431,0.146226905527872,0.04282575712638041
81,JIK,-3.084455749151729,-5.753235288634685,0.08435910901207448,0.024706415696257304,-3.0555445325297583,-5.791231143304689,0.14768882410843337,0.04325391205343473
82,HIK,-3.124926930312409,-5.925378017545154,0.08221970231141755,0.024079843510884616,-3.0960157136904387,-5.963373872215155,0.1465178578498268,0.04291096889661115
83,KIK,-3.1258955248100726,-5.863962536662431,0.08243333087773644,0.02414240932299288,-3.096984308188101,-5.901958391332431,0.146226905527872,0.04282575712638041
