,name,mg,cg,err_mg,err_cg,mi,ci,err_mi,err_ci
12,BBV,-3.605973521587782,-6.284699646622958,0.12910065561574527,0.03780995913370093,-3.5770623049658123,-6.32269550129296,0.1593180143038676,0.04665977551671661
13,VBV,-3.605973521587782,-6.284699646622958,0.1291006556157453,0.037809959133700936,-3.5770623049658123,-6.32269550129296,0.15931801430386777,0.046659775516716656
14,IBV,-3.401348424436435,-6.148504085941698,0.11101315512942289,0.0325126378230008,-3.3724372078144658,-6.186499940611698,0.15122926784046728,0.044290808668598344
15,JBV,-3.216745628577548,-5.889890111643807,0.09444598749340133,0.027660579339707163,-3.1878344119555755,-5.927885966313808,0.14722426043000927,0.04311785438887493
16,HBV,-3.206928533655126,-6.010085287972041,0.08810820267128941,0.025804420019839108,-3.178017317033155,-6.048081142642043,0.14583400802538532,0.04271068847361563
17,KBV,-3.179808181151416,-5.919654056998338,0.08584196421157295,0.025140702371462965,-3.1508969645294442,-5.957649911668343,0.14548209275641258,0.042607622366980284
