,name,mg,cg,err_mg,err_cg,mi,ci,err_mi,err_ci
60,BVK,-2.9722883956267814,-5.74189632947398,0.08072763282758012,0.02364285823037257,-2.9433771790048118,-5.779892184143983,0.15095461861444884,0.044210371617660595
61,VVK,-3.1222444178007596,-5.870345969409998,0.0830135585331488,0.024312341720584118,-3.093333201178788,-5.90834182408,0.1461976401552867,0.04281718612001174
62,IVK,-3.1072411293339237,-5.896577050196219,0.08689103237224828,0.025447944996176357,-3.0783299127119546,-5.934572904866221,0.1469792827141558,0.043046107290605685
63,JVK,-3.075496730271737,-5.768898837897623,0.08579644179241955,0.025127370132368997,-3.0465855136497657,-5.8068946925676235,0.14764824531945706,0.04324202766488866
64,HVK,-3.1193735658696737,-5.935087272396495,0.08315059268915481,0.02435247517934772,-3.0904623492477046,-5.973083127066498,0.14650049691173325,0.04290588436503608
65,KVK,-3.1222444178007596,-5.870345969409998,0.08301355853314848,0.024312341720584024,-3.093333201178788,-5.908341824079999,0.1461976401552867,0.04281718612001174
