,name,mg,cg,err_mg,err_cg,mi,ci,err_mi,err_ci
54,BVH,-2.967696434662532,-5.845450794568379,0.08036318590182,0.023536121953134696,-2.93878521804056,-5.883446649238381,0.15110908763037006,0.04425561125762639
55,VVH,-3.118739104087592,-5.949395179405721,0.08324795469030899,0.024380989777257833,-3.0898278874656206,-5.987391034075723,0.14660544002371326,0.042936619257561634
56,IVH,-3.105109898596318,-5.944638969873619,0.08714902828124142,0.025523504757892262,-3.0761986819743483,-5.982634824543621,0.14729804832879756,0.04313946479375196
57,JVH,-3.0744731786674913,-5.791981207216374,0.08591069601053543,0.025160831986588174,-3.045561962045522,-5.829977061886378,0.14779414514128522,0.043284757628378204
58,HVH,-3.118739104087592,-5.949395179405721,0.08324795469030899,0.024380989777257833,-3.0898278874656206,-5.987391034075723,0.14660544002371326,0.042936619257561634
59,KVH,-3.121827285468892,-5.879752825399488,0.08300252606546948,0.02430911062040024,-3.0929160688469235,-5.91774868006949,0.14622410904369984,0.04282493811464292
