,name,mg,cg,err_mg,err_cg,mi,ci,err_mi,err_ci
90,BJK,-3.326273775181812,-6.510079810868266,0.08463701185124976,0.02478780563918394,-3.297362558559842,-6.548075665538268,0.1541536441380249,0.04514727642063919
91,VJK,-3.3924622647893314,-6.456745573527773,0.08024175942071818,0.02350055954435907,-3.363551048167361,-6.494741428197774,0.14550884443959738,0.04261545718426414
92,IJK,-3.271533580302978,-6.253108009499826,0.08060856049464345,0.023607985285531066,-3.242622363681006,-6.291103864169828,0.14388732259919876,0.0421405589412811
93,JJK,-3.1544003415924,-5.940127522300013,0.08145639869892685,0.023856293303046942,-3.1254891249704286,-5.978123376970015,0.14542208416570485,0.04259004753475725
94,HJK,-3.168282996174607,-6.0412256007418135,0.08052651957895829,0.0235839578036058,-3.139371779552636,-6.079221455411815,0.14518413043249503,0.04252035756389333
95,KJK,-3.1544003415924,-5.940127522300013,0.08145639869892717,0.023856293303047036,-3.125489124970429,-5.978123376970015,0.14542208416570465,0.042590047534757196
